-- phpMyAdmin SQL Dump
-- version 5.2.1
-- https://www.phpmyadmin.net/
--
-- Host: 127.0.0.1
-- Generation Time: Feb 05, 2024 at 08:06 AM
-- Server version: 10.4.28-MariaDB
-- PHP Version: 8.2.4

SET SQL_MODE = "NO_AUTO_VALUE_ON_ZERO";
START TRANSACTION;
SET time_zone = "+00:00";


/*!40101 SET @OLD_CHARACTER_SET_CLIENT=@@CHARACTER_SET_CLIENT */;
/*!40101 SET @OLD_CHARACTER_SET_RESULTS=@@CHARACTER_SET_RESULTS */;
/*!40101 SET @OLD_COLLATION_CONNECTION=@@COLLATION_CONNECTION */;
/*!40101 SET NAMES utf8mb4 */;

--
-- Database: `presensi_magang_database`
--

-- --------------------------------------------------------

--
-- Table structure for table `admins`
--

CREATE TABLE `admins` (
  `id` int(11) NOT NULL,
  `nama` varchar(255) DEFAULT NULL,
  `username` varchar(255) DEFAULT NULL,
  `password` varchar(255) DEFAULT NULL,
  `refreshTokens` varchar(255) DEFAULT NULL,
  `createdAt` datetime NOT NULL,
  `updatedAt` datetime NOT NULL
) ENGINE=InnoDB DEFAULT CHARSET=utf8mb4 COLLATE=utf8mb4_general_ci;

--
-- Dumping data for table `admins`
--

INSERT INTO `admins` (`id`, `nama`, `username`, `password`, `refreshTokens`, `createdAt`, `updatedAt`) VALUES
(1, 'Admin1', 'Admin1', '$2a$12$EzfSRYTdVR9DroSUClbuXeoF0WuxshMhHxHw65.mmQVq8P/TPE7L.', NULL, '2023-10-27 01:25:13', '2023-10-27 01:25:13'),
(29, 'adminAjg', 'ajg123', '$2a$10$OASPHhfb1QEQKfaXVk22QOcyHzfIuVFeCGCczA9nMLxsmBIeaqRiK', NULL, '2024-01-16 03:28:56', '2024-01-16 03:28:56'),
(30, 'Ferdy', 'ferdy', '$2a$12$qZA04TwDwlH5iqz9RrbfSOlfiVbKLBJ.FohABnOb1gs.Y.tkmEbwG', NULL, '2024-01-16 10:50:31', '2024-01-16 10:50:31'),
(31, 'Ferdy1', 'ferdy1', '$2a$10$2gGJ6..DQUsgq80Wg/jwmuQmJrftINdRrnQPqUPLuxd9fmyT0jitS', NULL, '2024-01-17 07:33:14', '2024-01-31 07:22:48'),
(34, 'Ferdy3', 'ferdy3', '$2a$10$nZyi7XmY6Kg8bDRLhjkf4O5p7I6sV3IuGzLYRxjJFOUgusKpqSNI.', NULL, '2024-01-31 07:23:13', '2024-01-31 08:07:10');

-- --------------------------------------------------------

--
-- Table structure for table `peserta_magangs`
--

CREATE TABLE `peserta_magangs` (
  `id` int(11) NOT NULL,
  `nama` varchar(255) DEFAULT NULL,
  `asal_univ` varchar(255) DEFAULT NULL,
  `asal_jurusan` varchar(255) DEFAULT NULL,
  `tanggal_mulai` date DEFAULT NULL,
  `tanggal_selesai` date DEFAULT NULL,
  `status_aktif` tinyint(1) DEFAULT NULL,
  `username` varchar(255) DEFAULT NULL,
  `password` varchar(255) DEFAULT NULL,
  `refreshTokens` varchar(255) DEFAULT NULL,
  `createdAt` datetime NOT NULL,
  `updatedAt` datetime NOT NULL
) ENGINE=InnoDB DEFAULT CHARSET=utf8mb4 COLLATE=utf8mb4_general_ci;

--
-- Dumping data for table `peserta_magangs`
--

INSERT INTO `peserta_magangs` (`id`, `nama`, `asal_univ`, `asal_jurusan`, `tanggal_mulai`, `tanggal_selesai`, `status_aktif`, `username`, `password`, `refreshTokens`, `createdAt`, `updatedAt`) VALUES
(145, 'Liam White', 'Stanford', 'Biologi', '2025-01-13', '2025-01-18', 1, 'liam_176', '734', NULL, '0000-00-00 00:00:00', '0000-00-00 00:00:00'),
(146, 'Mia Clark', 'Harvard', 'Ilmu Komputer', '2025-01-18', '2025-01-23', 1, 'mia_177', '294', NULL, '0000-00-00 00:00:00', '0000-00-00 00:00:00'),
(148, 'Olivia Adams', 'Yale', 'Psikologi', '2025-01-28', '2025-02-02', 1, 'olivia_179', '531', NULL, '0000-00-00 00:00:00', '0000-00-00 00:00:00'),
(149, 'Patrick Davis', 'Princeton', 'Ilmu Politik', '2025-02-02', '2025-02-07', 1, 'patrick_180', '971', NULL, '0000-00-00 00:00:00', '0000-00-00 00:00:00'),
(159, 'Peserta Ferdy', 'Universitas Diponegoro', 'Teknik Komputer', '2024-01-17', '2024-02-22', 1, 'pesertaferdy', '$2a$10$LXjUoxOAu43nlErpFyrvh.Q2lrR6SBtldrnCJ5yXg9CEqHOynWTeO', NULL, '2024-01-17 07:38:42', '2024-01-17 07:38:42'),
(160, 'peserta1', 'univ1', 'Teknik', '2024-01-17', '2024-02-07', 1, 'peserta1', '$2a$10$NyRHqg1bM5T41CWQ97PlBOdJqGIE2tcJL95/Von8OqXsWlQ2k/h2y', NULL, '2024-01-17 09:25:06', '2024-01-31 09:05:37'),
(161, 'peserta2', 'univ2', 'Teknik', '2024-01-23', '2024-02-22', 1, 'peserta2', '$2a$10$dTL3GIpARYNDbCeP560zQOITV0bjn1aghWSDdFj/Xo73B5C/8AseC', NULL, '2024-01-23 07:14:53', '2024-01-23 07:14:53'),
(162, 'peserta3', 'univ3', 'Teknik', '2024-01-23', '2024-02-22', 1, 'peserta3', '$2a$10$4BiCSFT.cf3vwZLkBpQFk.gm5ykzHapg3odf5Kvk1mrH7v6a5vOhu', NULL, '2024-01-23 07:19:04', '2024-01-24 01:04:20'),
(163, 'peserta4', 'univ4', 'Teknik', '2024-01-24', '2024-02-23', 1, 'peserta4', '$2a$10$/XD3Et6kCCEwcxwTjOzCteoXHyNIGlkH21za2nnC11QezXIFJ2Zg2', NULL, '2024-01-24 07:01:13', '2024-01-24 07:01:13'),
(164, 'peserta5', 'univ5', 'Teknik', '2024-01-24', '2024-02-23', 1, 'peserta5', '$2a$10$jZjt/sycHKEj.Qu5PGDgrOaVYexXV8yyuHX3eILbp13lnwZtBcHG2', NULL, '2024-01-24 07:43:14', '2024-01-24 07:43:14'),
(165, 'pesertacalon', 'univ', 'calon', '2024-02-15', '2024-03-22', 1, 'pesertacalon', '$2a$10$q0j0Mwqf2vWDsdQjGq6NSOGUJrpd50aO4FwLdVzUHyT40atxjwbUO', NULL, '2024-02-01 08:02:11', '2024-02-01 08:07:31');

-- --------------------------------------------------------

--
-- Table structure for table `presensis`
--

CREATE TABLE `presensis` (
  `id` int(11) NOT NULL,
  `tanggal` date DEFAULT NULL,
  `check_in` datetime DEFAULT NULL,
  `check_out` datetime DEFAULT NULL,
  `image_url_in` varchar(255) DEFAULT NULL,
  `image_url_out` varchar(255) DEFAULT NULL,
  `p_id` int(11) DEFAULT NULL,
  `createdAt` datetime NOT NULL,
  `updatedAt` datetime NOT NULL
) ENGINE=InnoDB DEFAULT CHARSET=utf8mb4 COLLATE=utf8mb4_general_ci;

--
-- Dumping data for table `presensis`
--

INSERT INTO `presensis` (`id`, `tanggal`, `check_in`, `check_out`, `image_url_in`, `image_url_out`, `p_id`, `createdAt`, `updatedAt`) VALUES
(223, '2024-01-17', NULL, NULL, NULL, NULL, 159, '2024-01-17 07:38:42', '2024-01-17 07:38:42'),
(224, '2024-01-18', NULL, NULL, NULL, NULL, 159, '2024-01-17 07:38:42', '2024-01-17 07:38:42'),
(225, '2024-01-19', NULL, NULL, NULL, NULL, 159, '2024-01-17 07:38:42', '2024-01-17 07:38:42'),
(226, '2024-01-22', NULL, NULL, NULL, NULL, 159, '2024-01-17 07:38:42', '2024-01-17 07:38:42'),
(227, '2024-01-23', NULL, NULL, NULL, NULL, 159, '2024-01-17 07:38:42', '2024-01-17 07:38:42'),
(228, '2024-01-24', NULL, NULL, NULL, NULL, 159, '2024-01-17 07:38:42', '2024-01-17 07:38:42'),
(229, '2024-01-25', NULL, NULL, NULL, NULL, 159, '2024-01-17 07:38:42', '2024-01-17 07:38:42'),
(230, '2024-01-26', NULL, NULL, NULL, NULL, 159, '2024-01-17 07:38:42', '2024-01-17 07:38:42'),
(231, '2024-01-29', NULL, NULL, NULL, NULL, 159, '2024-01-17 07:38:42', '2024-01-17 07:38:42'),
(232, '2024-01-30', NULL, NULL, NULL, NULL, 159, '2024-01-17 07:38:42', '2024-01-17 07:38:42'),
(233, '2024-01-31', NULL, NULL, NULL, NULL, 159, '2024-01-17 07:38:42', '2024-01-17 07:38:42'),
(234, '2024-02-01', NULL, NULL, NULL, NULL, 159, '2024-01-17 07:38:42', '2024-01-17 07:38:42'),
(235, '2024-02-02', NULL, NULL, NULL, NULL, 159, '2024-01-17 07:38:42', '2024-01-17 07:38:42'),
(236, '2024-02-05', NULL, NULL, NULL, NULL, 159, '2024-01-17 07:38:42', '2024-01-17 07:38:42'),
(237, '2024-02-06', NULL, NULL, NULL, NULL, 159, '2024-01-17 07:38:42', '2024-01-17 07:38:42'),
(238, '2024-02-07', NULL, NULL, NULL, NULL, 159, '2024-01-17 07:38:42', '2024-01-17 07:38:42'),
(239, '2024-02-08', NULL, NULL, NULL, NULL, 159, '2024-01-17 07:38:42', '2024-01-17 07:38:42'),
(240, '2024-02-09', NULL, NULL, NULL, NULL, 159, '2024-01-17 07:38:42', '2024-01-17 07:38:42'),
(241, '2024-02-12', NULL, NULL, NULL, NULL, 159, '2024-01-17 07:38:42', '2024-01-17 07:38:42'),
(242, '2024-02-13', NULL, NULL, NULL, NULL, 159, '2024-01-17 07:38:42', '2024-01-17 07:38:42'),
(243, '2024-02-14', NULL, NULL, NULL, NULL, 159, '2024-01-17 07:38:42', '2024-01-17 07:38:42'),
(244, '2024-02-15', NULL, NULL, NULL, NULL, 159, '2024-01-17 07:38:42', '2024-01-17 07:38:42'),
(245, '2024-02-16', NULL, NULL, NULL, NULL, 159, '2024-01-17 07:38:42', '2024-01-17 07:38:42'),
(246, '2024-02-19', NULL, NULL, NULL, NULL, 159, '2024-01-17 07:38:42', '2024-01-17 07:38:42'),
(247, '2024-02-20', NULL, NULL, NULL, NULL, 159, '2024-01-17 07:38:42', '2024-01-17 07:38:42'),
(248, '2024-02-21', NULL, NULL, NULL, NULL, 159, '2024-01-17 07:38:42', '2024-01-17 07:38:42'),
(249, '2024-01-17', NULL, NULL, NULL, NULL, 160, '2024-01-17 09:25:06', '2024-01-17 09:25:06'),
(250, '2024-01-18', NULL, NULL, NULL, NULL, 160, '2024-01-17 09:25:06', '2024-01-17 09:25:06'),
(251, '2024-01-19', NULL, NULL, NULL, NULL, 160, '2024-01-17 09:25:06', '2024-01-17 09:25:06'),
(252, '2024-01-22', NULL, NULL, NULL, NULL, 160, '2024-01-17 09:25:06', '2024-01-17 09:25:06'),
(253, '2024-01-23', NULL, NULL, NULL, NULL, 160, '2024-01-17 09:25:06', '2024-01-17 09:25:06'),
(254, '2024-01-24', NULL, NULL, NULL, NULL, 160, '2024-01-17 09:25:06', '2024-01-17 09:25:06'),
(255, '2024-01-25', NULL, NULL, NULL, NULL, 160, '2024-01-17 09:25:06', '2024-01-17 09:25:06'),
(256, '2024-01-26', NULL, NULL, NULL, NULL, 160, '2024-01-17 09:25:06', '2024-01-17 09:25:06'),
(257, '2024-01-29', NULL, NULL, NULL, NULL, 160, '2024-01-17 09:25:06', '2024-01-17 09:25:06'),
(258, '2024-01-30', NULL, NULL, NULL, NULL, 160, '2024-01-17 09:25:06', '2024-01-17 09:25:06'),
(259, '2024-01-31', NULL, NULL, NULL, NULL, 160, '2024-01-17 09:25:06', '2024-01-17 09:25:06'),
(260, '2024-02-01', NULL, NULL, NULL, NULL, 160, '2024-01-17 09:25:06', '2024-01-17 09:25:06'),
(261, '2024-02-02', NULL, NULL, NULL, NULL, 160, '2024-01-17 09:25:06', '2024-01-17 09:25:06'),
(262, '2024-02-05', NULL, NULL, NULL, NULL, 160, '2024-01-17 09:25:06', '2024-01-17 09:25:06'),
(263, '2024-02-06', NULL, NULL, NULL, NULL, 160, '2024-01-17 09:25:06', '2024-01-17 09:25:06'),
(264, '2024-01-23', NULL, NULL, NULL, NULL, 161, '2024-01-23 07:14:53', '2024-01-23 07:14:53'),
(265, '2024-01-24', NULL, NULL, NULL, NULL, 161, '2024-01-23 07:14:53', '2024-01-23 07:14:53'),
(266, '2024-01-25', NULL, NULL, NULL, NULL, 161, '2024-01-23 07:14:53', '2024-01-23 07:14:53'),
(267, '2024-01-26', NULL, NULL, NULL, NULL, 161, '2024-01-23 07:14:53', '2024-01-23 07:14:53'),
(268, '2024-01-29', NULL, NULL, NULL, NULL, 161, '2024-01-23 07:14:53', '2024-01-23 07:14:53'),
(269, '2024-01-30', NULL, NULL, NULL, NULL, 161, '2024-01-23 07:14:53', '2024-01-23 07:14:53'),
(270, '2024-01-31', NULL, NULL, NULL, NULL, 161, '2024-01-23 07:14:53', '2024-01-23 07:14:53'),
(271, '2024-02-01', NULL, NULL, NULL, NULL, 161, '2024-01-23 07:14:53', '2024-01-23 07:14:53'),
(272, '2024-02-02', NULL, NULL, NULL, NULL, 161, '2024-01-23 07:14:53', '2024-01-23 07:14:53'),
(273, '2024-02-05', NULL, NULL, NULL, NULL, 161, '2024-01-23 07:14:53', '2024-01-23 07:14:53'),
(274, '2024-02-06', NULL, NULL, NULL, NULL, 161, '2024-01-23 07:14:53', '2024-01-23 07:14:53'),
(275, '2024-02-07', NULL, NULL, NULL, NULL, 161, '2024-01-23 07:14:53', '2024-01-23 07:14:53'),
(276, '2024-02-08', NULL, NULL, NULL, NULL, 161, '2024-01-23 07:14:53', '2024-01-23 07:14:53'),
(277, '2024-02-09', NULL, NULL, NULL, NULL, 161, '2024-01-23 07:14:53', '2024-01-23 07:14:53'),
(278, '2024-02-12', NULL, NULL, NULL, NULL, 161, '2024-01-23 07:14:53', '2024-01-23 07:14:53'),
(279, '2024-02-13', NULL, NULL, NULL, NULL, 161, '2024-01-23 07:14:53', '2024-01-23 07:14:53'),
(280, '2024-02-14', NULL, NULL, NULL, NULL, 161, '2024-01-23 07:14:53', '2024-01-23 07:14:53'),
(281, '2024-02-15', NULL, NULL, NULL, NULL, 161, '2024-01-23 07:14:53', '2024-01-23 07:14:53'),
(282, '2024-02-16', NULL, NULL, NULL, NULL, 161, '2024-01-23 07:14:53', '2024-01-23 07:14:53'),
(283, '2024-02-19', NULL, NULL, NULL, NULL, 161, '2024-01-23 07:14:53', '2024-01-23 07:14:53'),
(284, '2024-02-20', NULL, NULL, NULL, NULL, 161, '2024-01-23 07:14:53', '2024-01-23 07:14:53'),
(285, '2024-02-21', NULL, NULL, NULL, NULL, 161, '2024-01-23 07:14:53', '2024-01-23 07:14:53'),
(286, '2024-01-23', NULL, NULL, NULL, NULL, 162, '2024-01-23 07:19:04', '2024-01-23 07:19:04'),
(287, '2024-01-24', NULL, NULL, NULL, NULL, 162, '2024-01-23 07:19:04', '2024-01-23 07:19:04'),
(288, '2024-01-25', NULL, NULL, NULL, NULL, 162, '2024-01-23 07:19:04', '2024-01-23 07:19:04'),
(289, '2024-01-26', NULL, NULL, NULL, NULL, 162, '2024-01-23 07:19:04', '2024-01-23 07:19:04'),
(290, '2024-01-29', NULL, NULL, NULL, NULL, 162, '2024-01-23 07:19:04', '2024-01-23 07:19:04'),
(291, '2024-01-30', NULL, NULL, NULL, NULL, 162, '2024-01-23 07:19:04', '2024-01-23 07:19:04'),
(292, '2024-01-31', NULL, NULL, NULL, NULL, 162, '2024-01-23 07:19:04', '2024-01-23 07:19:04'),
(293, '2024-02-01', NULL, NULL, NULL, NULL, 162, '2024-01-23 07:19:04', '2024-01-23 07:19:04'),
(294, '2024-02-02', NULL, NULL, NULL, NULL, 162, '2024-01-23 07:19:04', '2024-01-23 07:19:04'),
(295, '2024-02-05', NULL, NULL, NULL, NULL, 162, '2024-01-23 07:19:04', '2024-01-23 07:19:04'),
(296, '2024-02-06', NULL, NULL, NULL, NULL, 162, '2024-01-23 07:19:04', '2024-01-23 07:19:04'),
(297, '2024-02-07', NULL, NULL, NULL, NULL, 162, '2024-01-23 07:19:04', '2024-01-23 07:19:04'),
(298, '2024-02-08', NULL, NULL, NULL, NULL, 162, '2024-01-23 07:19:04', '2024-01-23 07:19:04'),
(299, '2024-02-09', NULL, NULL, NULL, NULL, 162, '2024-01-23 07:19:04', '2024-01-23 07:19:04'),
(300, '2024-02-12', NULL, NULL, NULL, NULL, 162, '2024-01-23 07:19:04', '2024-01-23 07:19:04'),
(301, '2024-02-13', NULL, NULL, NULL, NULL, 162, '2024-01-23 07:19:04', '2024-01-23 07:19:04'),
(302, '2024-02-14', NULL, NULL, NULL, NULL, 162, '2024-01-23 07:19:04', '2024-01-23 07:19:04'),
(303, '2024-02-15', NULL, NULL, NULL, NULL, 162, '2024-01-23 07:19:04', '2024-01-23 07:19:04'),
(304, '2024-02-16', NULL, NULL, NULL, NULL, 162, '2024-01-23 07:19:04', '2024-01-23 07:19:04'),
(305, '2024-02-19', NULL, NULL, NULL, NULL, 162, '2024-01-23 07:19:04', '2024-01-23 07:19:04'),
(306, '2024-02-20', NULL, NULL, NULL, NULL, 162, '2024-01-23 07:19:04', '2024-01-23 07:19:04'),
(307, '2024-02-21', NULL, NULL, NULL, NULL, 162, '2024-01-23 07:19:04', '2024-01-23 07:19:04'),
(308, '2024-01-24', NULL, NULL, NULL, NULL, 163, '2024-01-24 07:01:13', '2024-01-24 07:01:13'),
(309, '2024-01-25', NULL, NULL, NULL, NULL, 163, '2024-01-24 07:01:13', '2024-01-24 07:01:13'),
(310, '2024-01-26', NULL, NULL, NULL, NULL, 163, '2024-01-24 07:01:13', '2024-01-24 07:01:13'),
(311, '2024-01-29', NULL, NULL, NULL, NULL, 163, '2024-01-24 07:01:13', '2024-01-24 07:01:13'),
(312, '2024-01-30', NULL, NULL, NULL, NULL, 163, '2024-01-24 07:01:13', '2024-01-24 07:01:13'),
(313, '2024-01-31', NULL, NULL, NULL, NULL, 163, '2024-01-24 07:01:13', '2024-01-24 07:01:13'),
(314, '2024-02-01', NULL, NULL, NULL, NULL, 163, '2024-01-24 07:01:13', '2024-01-24 07:01:13'),
(315, '2024-02-02', NULL, NULL, NULL, NULL, 163, '2024-01-24 07:01:13', '2024-01-24 07:01:13'),
(316, '2024-02-05', NULL, NULL, NULL, NULL, 163, '2024-01-24 07:01:13', '2024-01-24 07:01:13'),
(317, '2024-02-06', NULL, NULL, NULL, NULL, 163, '2024-01-24 07:01:13', '2024-01-24 07:01:13'),
(318, '2024-02-07', NULL, NULL, NULL, NULL, 163, '2024-01-24 07:01:13', '2024-01-24 07:01:13'),
(319, '2024-02-08', NULL, NULL, NULL, NULL, 163, '2024-01-24 07:01:13', '2024-01-24 07:01:13'),
(320, '2024-02-09', NULL, NULL, NULL, NULL, 163, '2024-01-24 07:01:13', '2024-01-24 07:01:13'),
(321, '2024-02-12', NULL, NULL, NULL, NULL, 163, '2024-01-24 07:01:13', '2024-01-24 07:01:13'),
(322, '2024-02-13', NULL, NULL, NULL, NULL, 163, '2024-01-24 07:01:13', '2024-01-24 07:01:13'),
(323, '2024-02-14', NULL, NULL, NULL, NULL, 163, '2024-01-24 07:01:13', '2024-01-24 07:01:13'),
(324, '2024-02-15', NULL, NULL, NULL, NULL, 163, '2024-01-24 07:01:13', '2024-01-24 07:01:13'),
(325, '2024-02-16', NULL, NULL, NULL, NULL, 163, '2024-01-24 07:01:13', '2024-01-24 07:01:13'),
(326, '2024-02-19', NULL, NULL, NULL, NULL, 163, '2024-01-24 07:01:13', '2024-01-24 07:01:13'),
(327, '2024-02-20', NULL, NULL, NULL, NULL, 163, '2024-01-24 07:01:13', '2024-01-24 07:01:13'),
(328, '2024-02-21', NULL, NULL, NULL, NULL, 163, '2024-01-24 07:01:13', '2024-01-24 07:01:13'),
(329, '2024-02-22', NULL, NULL, NULL, NULL, 163, '2024-01-24 07:01:13', '2024-01-24 07:01:13'),
(330, '2024-01-24', NULL, NULL, NULL, NULL, 164, '2024-01-24 07:43:14', '2024-01-24 07:43:14'),
(331, '2024-01-25', NULL, NULL, NULL, NULL, 164, '2024-01-24 07:43:14', '2024-01-24 07:43:14'),
(332, '2024-01-26', NULL, NULL, NULL, NULL, 164, '2024-01-24 07:43:14', '2024-01-24 07:43:14'),
(333, '2024-01-29', NULL, NULL, NULL, NULL, 164, '2024-01-24 07:43:14', '2024-01-24 07:43:14'),
(334, '2024-01-30', NULL, NULL, NULL, NULL, 164, '2024-01-24 07:43:14', '2024-01-24 07:43:14'),
(335, '2024-01-31', NULL, NULL, NULL, NULL, 164, '2024-01-24 07:43:14', '2024-01-24 07:43:14'),
(336, '2024-02-01', NULL, NULL, NULL, NULL, 164, '2024-01-24 07:43:14', '2024-01-24 07:43:14'),
(337, '2024-02-02', NULL, NULL, NULL, NULL, 164, '2024-01-24 07:43:14', '2024-01-24 07:43:14'),
(338, '2024-02-05', NULL, NULL, NULL, NULL, 164, '2024-01-24 07:43:14', '2024-01-24 07:43:14'),
(339, '2024-02-06', NULL, NULL, NULL, NULL, 164, '2024-01-24 07:43:14', '2024-01-24 07:43:14'),
(340, '2024-02-07', NULL, NULL, NULL, NULL, 164, '2024-01-24 07:43:14', '2024-01-24 07:43:14'),
(341, '2024-02-08', NULL, NULL, NULL, NULL, 164, '2024-01-24 07:43:14', '2024-01-24 07:43:14'),
(342, '2024-02-09', NULL, NULL, NULL, NULL, 164, '2024-01-24 07:43:14', '2024-01-24 07:43:14'),
(343, '2024-02-12', NULL, NULL, NULL, NULL, 164, '2024-01-24 07:43:14', '2024-01-24 07:43:14'),
(344, '2024-02-13', NULL, NULL, NULL, NULL, 164, '2024-01-24 07:43:14', '2024-01-24 07:43:14'),
(345, '2024-02-14', NULL, NULL, NULL, NULL, 164, '2024-01-24 07:43:14', '2024-01-24 07:43:14'),
(346, '2024-02-15', NULL, NULL, NULL, NULL, 164, '2024-01-24 07:43:14', '2024-01-24 07:43:14'),
(347, '2024-02-16', NULL, NULL, NULL, NULL, 164, '2024-01-24 07:43:14', '2024-01-24 07:43:14'),
(348, '2024-02-19', NULL, NULL, NULL, NULL, 164, '2024-01-24 07:43:14', '2024-01-24 07:43:14'),
(349, '2024-02-20', NULL, NULL, NULL, NULL, 164, '2024-01-24 07:43:14', '2024-01-24 07:43:14'),
(350, '2024-02-21', NULL, NULL, NULL, NULL, 164, '2024-01-24 07:43:14', '2024-01-24 07:43:14'),
(351, '2024-02-22', NULL, NULL, NULL, NULL, 164, '2024-01-24 07:43:14', '2024-01-24 07:43:14'),
(352, '2024-02-15', NULL, NULL, NULL, NULL, 165, '2024-02-01 08:02:11', '2024-02-01 08:02:11'),
(353, '2024-02-16', NULL, NULL, NULL, NULL, 165, '2024-02-01 08:02:11', '2024-02-01 08:02:11'),
(354, '2024-02-19', NULL, NULL, NULL, NULL, 165, '2024-02-01 08:02:11', '2024-02-01 08:02:11'),
(355, '2024-02-20', NULL, NULL, NULL, NULL, 165, '2024-02-01 08:02:11', '2024-02-01 08:02:11'),
(356, '2024-02-21', NULL, NULL, NULL, NULL, 165, '2024-02-01 08:02:11', '2024-02-01 08:02:11'),
(357, '2024-02-22', NULL, NULL, NULL, NULL, 165, '2024-02-01 08:02:11', '2024-02-01 08:02:11'),
(358, '2024-02-23', NULL, NULL, NULL, NULL, 165, '2024-02-01 08:02:11', '2024-02-01 08:02:11'),
(359, '2024-02-26', NULL, NULL, NULL, NULL, 165, '2024-02-01 08:02:11', '2024-02-01 08:02:11'),
(360, '2024-02-27', NULL, NULL, NULL, NULL, 165, '2024-02-01 08:02:11', '2024-02-01 08:02:11'),
(361, '2024-02-28', NULL, NULL, NULL, NULL, 165, '2024-02-01 08:02:11', '2024-02-01 08:02:11'),
(362, '2024-02-29', NULL, NULL, NULL, NULL, 165, '2024-02-01 08:02:11', '2024-02-01 08:02:11'),
(363, '2024-03-01', NULL, NULL, NULL, NULL, 165, '2024-02-01 08:02:11', '2024-02-01 08:02:11'),
(364, '2024-03-04', NULL, NULL, NULL, NULL, 165, '2024-02-01 08:02:11', '2024-02-01 08:02:11'),
(365, '2024-03-05', NULL, NULL, NULL, NULL, 165, '2024-02-01 08:02:11', '2024-02-01 08:02:11'),
(366, '2024-03-06', NULL, NULL, NULL, NULL, 165, '2024-02-01 08:02:11', '2024-02-01 08:02:11'),
(367, '2024-03-07', NULL, NULL, NULL, NULL, 165, '2024-02-01 08:02:11', '2024-02-01 08:02:11'),
(368, '2024-03-08', NULL, NULL, NULL, NULL, 165, '2024-02-01 08:02:11', '2024-02-01 08:02:11'),
(369, '2024-03-11', NULL, NULL, NULL, NULL, 165, '2024-02-01 08:02:11', '2024-02-01 08:02:11'),
(370, '2024-03-12', NULL, NULL, NULL, NULL, 165, '2024-02-01 08:02:11', '2024-02-01 08:02:11'),
(371, '2024-03-13', NULL, NULL, NULL, NULL, 165, '2024-02-01 08:02:11', '2024-02-01 08:02:11'),
(372, '2024-03-14', NULL, NULL, NULL, NULL, 165, '2024-02-01 08:02:11', '2024-02-01 08:02:11'),
(373, '2024-03-15', NULL, NULL, NULL, NULL, 165, '2024-02-01 08:02:11', '2024-02-01 08:02:11'),
(374, '2024-03-18', NULL, NULL, NULL, NULL, 165, '2024-02-01 08:02:11', '2024-02-01 08:02:11'),
(375, '2024-03-19', NULL, NULL, NULL, NULL, 165, '2024-02-01 08:02:11', '2024-02-01 08:02:11'),
(376, '2024-03-20', NULL, NULL, NULL, NULL, 165, '2024-02-01 08:02:11', '2024-02-01 08:02:11'),
(377, '2024-03-21', NULL, NULL, NULL, NULL, 165, '2024-02-01 08:02:11', '2024-02-01 08:02:11');

-- --------------------------------------------------------

--
-- Table structure for table `sequelizemeta`
--

CREATE TABLE `sequelizemeta` (
  `name` varchar(255) NOT NULL
) ENGINE=InnoDB DEFAULT CHARSET=utf8 COLLATE=utf8_unicode_ci;

--
-- Dumping data for table `sequelizemeta`
--

INSERT INTO `sequelizemeta` (`name`) VALUES
('20230917090945-create-peserta-magang.js'),
('20230917091615-create-admin.js'),
('20230917091836-create-presensi.js'),
('20230917092231-create-tugas.js'),
('20230917093126-create-status-tugas.js');

-- --------------------------------------------------------

--
-- Table structure for table `status_tugas`
--

CREATE TABLE `status_tugas` (
  `id` int(11) NOT NULL,
  `p_id` int(11) DEFAULT NULL,
  `t_id` int(11) DEFAULT NULL,
  `tugas_url` varchar(255) DEFAULT NULL,
  `status_pengerjaan` tinyint(1) DEFAULT NULL,
  `keterangan` tinyint(1) DEFAULT NULL,
  `createdAt` datetime NOT NULL,
  `updatedAt` datetime NOT NULL
) ENGINE=InnoDB DEFAULT CHARSET=utf8mb4 COLLATE=utf8mb4_general_ci;

--
-- Dumping data for table `status_tugas`
--

INSERT INTO `status_tugas` (`id`, `p_id`, `t_id`, `tugas_url`, `status_pengerjaan`, `keterangan`, `createdAt`, `updatedAt`) VALUES
(312, 145, 45, NULL, 0, NULL, '2024-02-05 04:41:18', '2024-02-05 04:41:18'),
(313, 146, 45, NULL, 0, NULL, '2024-02-05 04:41:18', '2024-02-05 04:41:18'),
(314, 148, 45, NULL, 0, NULL, '2024-02-05 04:41:18', '2024-02-05 04:41:18'),
(315, 149, 45, NULL, 0, NULL, '2024-02-05 04:41:18', '2024-02-05 04:41:18'),
(316, 159, 45, NULL, 0, NULL, '2024-02-05 04:41:18', '2024-02-05 04:41:18'),
(317, 160, 45, NULL, 0, NULL, '2024-02-05 04:41:18', '2024-02-05 04:41:18'),
(318, 161, 45, NULL, 0, NULL, '2024-02-05 04:41:18', '2024-02-05 04:41:18'),
(319, 162, 45, NULL, 0, NULL, '2024-02-05 04:41:18', '2024-02-05 04:41:18'),
(320, 163, 45, NULL, 0, NULL, '2024-02-05 04:41:18', '2024-02-05 04:41:18'),
(321, 164, 45, NULL, 0, NULL, '2024-02-05 04:41:18', '2024-02-05 04:41:18'),
(322, 165, 45, NULL, 0, NULL, '2024-02-05 04:41:18', '2024-02-05 04:41:18'),
(323, 145, 46, NULL, 0, NULL, '2024-02-05 04:43:53', '2024-02-05 04:43:53'),
(324, 146, 46, NULL, 0, NULL, '2024-02-05 04:43:53', '2024-02-05 04:43:53'),
(325, 148, 46, NULL, 0, NULL, '2024-02-05 04:43:53', '2024-02-05 04:43:53'),
(326, 149, 46, NULL, 0, NULL, '2024-02-05 04:43:53', '2024-02-05 04:43:53'),
(327, 159, 46, 'http://localhost:3000/uploads/1707110128341.jpeg', 1, 0, '2024-02-05 04:43:53', '2024-02-05 05:15:28'),
(328, 160, 46, 'http://localhost:3000/uploads/1707108415342.png', 1, 1, '2024-02-05 04:43:53', '2024-02-05 04:46:55'),
(329, 161, 46, 'http://localhost:3000/uploads/1707108514903.jpeg', 1, 1, '2024-02-05 04:43:53', '2024-02-05 04:48:34'),
(330, 162, 46, 'http://localhost:3000/uploads/1707108558936.jpeg', 1, 1, '2024-02-05 04:43:53', '2024-02-05 04:49:18'),
(331, 163, 46, 'http://localhost:3000/uploads/1707109434109.png', 1, 0, '2024-02-05 04:43:53', '2024-02-05 05:03:54'),
(332, 164, 46, 'http://localhost:3000/uploads/1707109460817.png', 1, 0, '2024-02-05 04:43:53', '2024-02-05 05:04:20'),
(333, 165, 46, NULL, 0, NULL, '2024-02-05 04:43:53', '2024-02-05 04:43:53');

-- --------------------------------------------------------

--
-- Table structure for table `tugas`
--

CREATE TABLE `tugas` (
  `id` int(11) NOT NULL,
  `judul` varchar(255) DEFAULT NULL,
  `tugas_url` varchar(255) DEFAULT NULL,
  `lampiran_url` varchar(255) DEFAULT NULL,
  `dueDate` datetime DEFAULT NULL,
  `createdAt` datetime NOT NULL,
  `updatedAt` datetime NOT NULL
) ENGINE=InnoDB DEFAULT CHARSET=utf8mb4 COLLATE=utf8mb4_general_ci;

--
-- Dumping data for table `tugas`
--

INSERT INTO `tugas` (`id`, `judul`, `tugas_url`, `lampiran_url`, `dueDate`, `createdAt`, `updatedAt`) VALUES
(45, 'Tugas final', 'pengujian terhadap semua fitur tugas', NULL, '2024-02-12 04:40:00', '2024-02-05 04:41:18', '2024-02-05 04:41:18'),
(46, 'Tugas final - hari ini', 'pengujian semua fitur tugas', NULL, '2024-02-05 02:36:00', '2024-02-05 04:43:53', '2024-02-05 04:52:37');

--
-- Indexes for dumped tables
--

--
-- Indexes for table `admins`
--
ALTER TABLE `admins`
  ADD PRIMARY KEY (`id`);

--
-- Indexes for table `peserta_magangs`
--
ALTER TABLE `peserta_magangs`
  ADD PRIMARY KEY (`id`);

--
-- Indexes for table `presensis`
--
ALTER TABLE `presensis`
  ADD PRIMARY KEY (`id`),
  ADD KEY `p_id` (`p_id`);

--
-- Indexes for table `sequelizemeta`
--
ALTER TABLE `sequelizemeta`
  ADD PRIMARY KEY (`name`),
  ADD UNIQUE KEY `name` (`name`);

--
-- Indexes for table `status_tugas`
--
ALTER TABLE `status_tugas`
  ADD PRIMARY KEY (`id`),
  ADD KEY `p_id` (`p_id`),
  ADD KEY `t_id` (`t_id`);

--
-- Indexes for table `tugas`
--
ALTER TABLE `tugas`
  ADD PRIMARY KEY (`id`);

--
-- AUTO_INCREMENT for dumped tables
--

--
-- AUTO_INCREMENT for table `admins`
--
ALTER TABLE `admins`
  MODIFY `id` int(11) NOT NULL AUTO_INCREMENT, AUTO_INCREMENT=35;

--
-- AUTO_INCREMENT for table `peserta_magangs`
--
ALTER TABLE `peserta_magangs`
  MODIFY `id` int(11) NOT NULL AUTO_INCREMENT, AUTO_INCREMENT=166;

--
-- AUTO_INCREMENT for table `presensis`
--
ALTER TABLE `presensis`
  MODIFY `id` int(11) NOT NULL AUTO_INCREMENT, AUTO_INCREMENT=378;

--
-- AUTO_INCREMENT for table `status_tugas`
--
ALTER TABLE `status_tugas`
  MODIFY `id` int(11) NOT NULL AUTO_INCREMENT, AUTO_INCREMENT=334;

--
-- AUTO_INCREMENT for table `tugas`
--
ALTER TABLE `tugas`
  MODIFY `id` int(11) NOT NULL AUTO_INCREMENT, AUTO_INCREMENT=47;

--
-- Constraints for dumped tables
--

--
-- Constraints for table `presensis`
--
ALTER TABLE `presensis`
  ADD CONSTRAINT `presensis_ibfk_1` FOREIGN KEY (`p_id`) REFERENCES `peserta_magangs` (`id`) ON DELETE CASCADE ON UPDATE CASCADE;

--
-- Constraints for table `status_tugas`
--
ALTER TABLE `status_tugas`
  ADD CONSTRAINT `status_tugas_ibfk_1` FOREIGN KEY (`p_id`) REFERENCES `peserta_magangs` (`id`),
  ADD CONSTRAINT `status_tugas_ibfk_2` FOREIGN KEY (`t_id`) REFERENCES `tugas` (`id`);
COMMIT;

/*!40101 SET CHARACTER_SET_CLIENT=@OLD_CHARACTER_SET_CLIENT */;
/*!40101 SET CHARACTER_SET_RESULTS=@OLD_CHARACTER_SET_RESULTS */;
/*!40101 SET COLLATION_CONNECTION=@OLD_COLLATION_CONNECTION */;
